{"cameraMode":{"drawMode":0,"name":"Shaded","section":"Shading Mode"},"sceneLighting":true,"audioPlay":false,"sceneViewState":{"showFog":true,"showMaterialUpdate":false,"showSkybox":true,"showFlares":true,"showImageEffects":true,"showParticleSystems":true,"showVisualEffectGraphs":true,"m_FxEnabled":true},"in2DMode":false,"pivot":{"x":5.365869045257568,"y":-4.2960100173950199,"z":-3.9958584308624269},"rotation":{"x":-0.0008660220773890615,"y":0.9464036822319031,"z":-0.3229091763496399,"w":-0.0025565249379724266},"size":44.974430084228519,"orthographic":false}