{"cameraMode":{"drawMode":0,"name":"Shaded","section":"Shading Mode"},"sceneLighting":true,"audioPlay":false,"sceneViewState":{"showFog":true,"showMaterialUpdate":false,"showSkybox":true,"showFlares":true,"showImageEffects":true,"showParticleSystems":true,"showVisualEffectGraphs":true,"m_FxEnabled":true},"in2DMode":false,"pivot":{"x":-14.187145233154297,"y":-268.74700927734377,"z":306.9621276855469},"rotation":{"x":-0.3482467532157898,"y":0.018039435148239137,"z":-0.006642489228397608,"w":-0.9370807409286499},"size":212.75978088378907,"orthographic":false}