{"cameraMode":{"drawMode":0,"name":"Shaded","section":"Shading Mode"},"sceneLighting":true,"audioPlay":false,"sceneViewState":{"showFog":true,"showMaterialUpdate":false,"showSkybox":true,"showFlares":true,"showImageEffects":true,"showParticleSystems":true,"showVisualEffectGraphs":true,"m_FxEnabled":true},"in2DMode":false,"pivot":{"x":13.53171157836914,"y":4.409946441650391,"z":9.829429626464844},"rotation":{"x":-0.0018994308775290847,"y":0.9424499869346619,"z":-0.3342384397983551,"w":-0.005373289342969656},"size":44.974430084228519,"orthographic":false}